Test Case Name,Steps,Step Description,Step Result,Test Result,Test Requirement,Date
Test Case Name,Steps,Step Description,Step Result,Test Result,Test Requirement,Date
Test Case Name,Steps,Step Description,Step Result,Test Result,Test Requirement,Date
Test Case Name,Steps,Step Description,Step Result,Test Result,Test Requirement,Date
Test Case Name,Steps,Step Description,Step Result,Test Result,Test Requirement,Date
Test Case Name,Steps,Step Description,Step Result,Test Result,Test Requirement,Date
Test Case Name,Steps,Step Description,Step Result,Test Result,Test Requirement,Date
Test Case Name,Steps,Step Description,Step Result,Test Result,Test Requirement,Date
Test Case Name,Steps,Step Description,Step Result,Test Result,Test Requirement,Date
Test Case Name,Steps,Step Description,Step Result,Test Result,Test Requirement,Date
Test Case Name,Steps,Step Description,Step Result,Test Result,Test Requirement,Date
Test Case Name,Steps,Step Description,Step Result,Test Result,Test Requirement,Date
Test Case Name,Steps,Step Description,Step Result,Test Result,Test Requirement,Date
Test Case Name,Steps,Step Description,Step Result,Test Result,Test Requirement,Date
Test Case Name,Steps,Step Description,Step Result,Test Result,Test Requirement,Date
